Instance,Tasks,Machines,Time cycle,Peak,Solutions times,Variable Count,Clause Length,Execution Time,Status
MERTENS,7,6,6,164,0,183,10606,0.01,FEASIBLE
MERTENS,7,6,6,164,1,645,11680,0.02,OPTIMAL
MERTENS,7,2,18,82,0,295,22748,0.01,FEASIBLE
MERTENS,7,2,18,62,1,1591,25754,0.04,IMPROVED
MERTENS,7,2,18,58,2,2653,25124,0.05,IMPROVED
MERTENS,7,2,18,54,3,3823,25412,0.09,IMPROVED
MERTENS,7,2,18,54,4,4975,25340,0.14,OPTIMAL
BOWMAN,8,5,20,190,0,417,88732,0.06,FEASIBLE
BOWMAN,8,5,20,170,1,1677,91692,0.10,IMPROVED
BOWMAN,8,5,20,167,2,3137,92312,0.14,IMPROVED
BOWMAN,8,5,20,165,3,4697,92352,0.19,IMPROVED
BOWMAN,8,5,20,155,4,6357,92832,0.23,IMPROVED
BOWMAN,8,5,20,154,5,7777,92052,0.28,IMPROVED
BOWMAN,8,5,20,146,6,9117,91972,0.32,IMPROVED
BOWMAN,8,5,20,146,7,10677,92392,0.37,OPTIMAL
JAESCHKE,9,8,6,173,0,271,24538,0.02,FEASIBLE
JAESCHKE,9,8,6,173,1,805,25846,0.03,OPTIMAL
JAESCHKE,9,3,18,73,0,397,57196,0.03,FEASIBLE
JAESCHKE,9,3,18,65,1,1981,61156,0.07,IMPROVED
JAESCHKE,9,3,18,64,2,3637,61372,0.11,IMPROVED
JAESCHKE,9,3,18,62,3,4807,59896,0.14,IMPROVED
JAESCHKE,9,3,18,61,4,6121,60346,0.18,IMPROVED
JAESCHKE,9,3,18,59,5,7525,60616,0.22,IMPROVED
JAESCHKE,9,3,18,56,6,8893,60580,0.27,IMPROVED
JAESCHKE,9,3,18,52,7,10135,60130,0.30,IMPROVED
JAESCHKE,9,3,18,51,8,11449,60418,0.35,IMPROVED
JAESCHKE,9,3,18,50,9,12871,60778,0.39,IMPROVED
JAESCHKE,9,3,18,48,10,14311,60760,0.43,IMPROVED
JAESCHKE,9,3,18,47,11,15553,60058,0.50,IMPROVED
JAESCHKE,9,3,18,47,12,16921,60526,0.57,OPTIMAL
JACKSON,11,8,7,186,0,353,44913,0.03,FEASIBLE
JACKSON,11,8,7,166,1,1214,46887,0.05,IMPROVED
JACKSON,11,8,7,166,2,2075,47034,0.08,OPTIMAL
JACKSON,11,3,21,90,0,551,110148,0.07,FEASIBLE
JACKSON,11,3,21,79,1,2756,115587,0.13,IMPROVED
JACKSON,11,3,21,69,2,4961,115608,0.19,IMPROVED
JACKSON,11,3,21,67,3,7187,116196,0.31,IMPROVED
JACKSON,11,3,21,66,4,9434,116196,0.39,IMPROVED
JACKSON,11,3,21,64,5,11681,116133,0.46,IMPROVED
JACKSON,11,3,21,63,6,13424,114453,0.55,IMPROVED
JACKSON,11,3,21,57,7,15251,114957,0.61,IMPROVED
JACKSON,11,3,21,57,8,17225,115461,0.97,OPTIMAL
MANSOOR,11,4,48,111,0,1167,678587,0.68,FEASIBLE
MANSOOR,11,4,48,111,1,6975,693227,2.75,OPTIMAL
MANSOOR,11,2,94,76,0,2135,1279282,1.52,FEASIBLE
MANSOOR,11,2,94,73,1,12193,1306260,2.54,IMPROVED
MANSOOR,11,2,94,71,2,22909,1307858,4.27,IMPROVED
MANSOOR,11,2,94,68,3,34377,1307388,9.05,IMPROVED
MANSOOR,11,2,94,68,4,45845,1307858,15.22,OPTIMAL
MITCHELL,21,8,14,250,0,967,495518,0.41,FEASIBLE
MITCHELL,21,8,14,240,1,7043,508580,1.03,IMPROVED
MITCHELL,21,8,14,231,2,12825,508216,1.42,IMPROVED
MITCHELL,21,8,14,230,3,18789,508790,1.73,IMPROVED
MITCHELL,21,8,14,226,4,24753,508846,2.03,IMPROVED
MITCHELL,21,8,14,225,5,30955,509154,2.84,IMPROVED
MITCHELL,21,8,14,222,6,37241,509350,3.40,IMPROVED
MITCHELL,21,8,14,221,7,42911,508020,4.48,IMPROVED
MITCHELL,21,8,14,220,8,48665,508216,5.38,IMPROVED
MITCHELL,21,8,14,219,9,54489,508076,7.43,IMPROVED
MITCHELL,21,8,14,218,10,60397,508272,11.10,IMPROVED
MITCHELL,21,8,14,217,11,66305,508328,14.25,IMPROVED
MITCHELL,21,8,14,216,12,72297,508524,29.88,IMPROVED
MITCHELL,21,8,14,216,13,77981,508132,116.70,OPTIMAL
MITCHELL,21,3,39,116,0,1807,1221473,1.31,FEASIBLE
MITCHELL,21,3,39,115,1,16003,1253648,2.18,IMPROVED
MITCHELL,21,3,39,114,2,30433,1254194,3.69,IMPROVED
MITCHELL,21,3,39,104,3,44863,1254350,4.58,IMPROVED
MITCHELL,21,3,39,94,4,58474,1253180,5.31,IMPROVED
MITCHELL,21,3,39,92,5,70915,1250489,7.33,IMPROVED
MITCHELL,21,3,39,91,6,83785,1250645,8.07,IMPROVED
MITCHELL,21,3,39,89,7,96889,1251191,10.15,IMPROVED
MITCHELL,21,3,39,88,8,110227,1251893,12.32,IMPROVED
MITCHELL,21,3,39,85,9,122785,1250372,18.90,IMPROVED
MITCHELL,21,3,39,84,10,135811,1251620,25.05,IMPROVED
MITCHELL,21,3,39,83,11,149032,1251230,66.14,IMPROVED
MITCHELL,21,3,39,82,12,162487,1251776,90.25,IMPROVED
MITCHELL,21,3,39,81,13,175942,1251932,108.88,IMPROVED
MITCHELL,21,3,39,81,14,189631,1252478,191.05,OPTIMAL
ROSZIEG,25,10,14,323,0,1251,871425,0.80,FEASIBLE
ROSZIEG,25,10,14,305,1,8853,887035,1.17,IMPROVED
ROSZIEG,25,10,14,301,2,16287,886979,1.68,IMPROVED
ROSZIEG,25,10,14,298,3,23581,886433,2.06,IMPROVED
ROSZIEG,25,10,14,297,4,30819,886489,2.46,IMPROVED
ROSZIEG,25,10,14,289,5,38281,886839,2.86,IMPROVED
ROSZIEG,25,10,14,275,6,45925,887259,3.36,IMPROVED
ROSZIEG,25,10,14,271,7,53163,886447,3.79,IMPROVED
ROSZIEG,25,10,14,268,8,60261,885901,4.20,IMPROVED
ROSZIEG,25,10,14,264,9,67135,885817,5.41,IMPROVED
ROSZIEG,25,10,14,261,10,74121,885803,5.98,IMPROVED
ROSZIEG,25,10,14,259,11,81457,886517,6.52,IMPROVED
ROSZIEG,25,10,14,255,12,88877,886685,7.08,IMPROVED
ROSZIEG,25,10,14,253,13,95457,885453,7.66,IMPROVED
ROSZIEG,25,10,14,249,14,102121,885719,8.12,IMPROVED
ROSZIEG,25,10,14,247,15,108953,886125,8.69,IMPROVED
ROSZIEG,25,10,14,246,16,115687,885803,9.93,IMPROVED
ROSZIEG,25,10,14,245,17,122281,885719,10.51,IMPROVED
ROSZIEG,25,10,14,244,18,129099,886069,11.98,IMPROVED
ROSZIEG,25,10,14,242,19,135609,885719,13.31,IMPROVED
ROSZIEG,25,10,14,241,20,142371,886167,16.95,IMPROVED
ROSZIEG,25,10,14,240,21,149357,886517,33.30,IMPROVED
ROSZIEG,25,10,14,239,22,155853,885257,49.41,IMPROVED
ROSZIEG,25,10,14,238,23,162615,885705,68.52,IMPROVED
ROSZIEG,25,10,14,238,24,169237,885621,144.97,OPTIMAL
ROSZIEG,25,4,32,135,0,1851,1565802,2.46,FEASIBLE
ROSZIEG,25,4,32,128,1,16507,1596938,6.57,IMPROVED
ROSZIEG,25,4,32,127,2,29115,1593322,8.59,IMPROVED
ROSZIEG,25,4,32,124,3,42331,1594346,13.88,IMPROVED
ROSZIEG,25,4,32,123,4,55035,1594154,19.96,IMPROVED
ROSZIEG,25,4,32,120,5,68539,1595114,25.49,IMPROVED
ROSZIEG,25,4,32,117,6,81403,1593962,30.69,IMPROVED
ROSZIEG,25,4,32,116,7,95067,1595594,50.27,IMPROVED
ROSZIEG,25,4,32,114,8,108027,1594794,68.23,IMPROVED
ROSZIEG,25,4,32,113,9,121467,1595562,86.61,IMPROVED
ROSZIEG,25,4,32,112,10,135419,1596362,162.16,IMPROVED
ROSZIEG,25,4,32,111,11,148155,1593706,242.64,IMPROVED
ROSZIEG,25,4,32,110,12,161499,1594730,276.91,IMPROVED
ROSZIEG,25,4,32,109,13,174523,1594538,476.37,IMPROVED
ROSZIEG,25,4,32,108,14,188059,1595338,1018.15,IMPROVED
ROSZIEG,25,4,32,108,15,200891,1594538,5647.01,OPTIMAL
BUXEY,29,7,47,239,0,3191,7541794,38.28,FEASIBLE
BUXEY,29,7,47,218,1,33036,7607594,56.28,IMPROVED
BUXEY,29,7,47,211,2,62458,7606419,97.85,IMPROVED
BUXEY,29,7,47,207,3,92303,7607641,122.71,IMPROVED
BUXEY,29,7,47,203,4,121161,7606278,140.68,IMPROVED
BUXEY,29,7,47,193,5,150395,7607312,164.33,IMPROVED
BUXEY,29,7,47,192,6,181368,7609709,205.94,IMPROVED
BUXEY,29,7,47,190,7,207688,7601719,225.83,IMPROVED
BUXEY,29,7,47,189,8,234948,7603317,269.67,IMPROVED
BUXEY,29,7,47,186,9,262678,7604586,290.04,IMPROVED
BUXEY,29,7,47,185,10,290314,7604351,4203.17,IMPROVED
BUXEY,29,7,47,184,11,318420,7605620,4259.24,IMPROVED
BUXEY,29,7,47,182,12,345586,7602847,4286.28,IMPROVED
BUXEY,29,7,47,181,13,373692,7604445,4348.88,IMPROVED
BUXEY,29,7,47,179,14,402268,7605714,4371.40,IMPROVED
BUXEY,29,7,47,178,15,430327,7605526,4402.46,IMPROVED
BUXEY,29,7,47,175,16,458809,7605479,4594.36,IMPROVED
BUXEY,29,7,47,174,17,485787,7604069,4902.64,IMPROVED
BUXEY,29,7,47,172,18,513188,7604022,5004.77,IMPROVED
BUXEY,29,14,25,417,0,2321,4605806,6.91,FEASIBLE
BUXEY,29,14,25,358,1,20396,4645106,8.16,IMPROVED
BUXEY,29,14,25,348,2,37671,4643206,10.20,IMPROVED
BUXEY,29,14,25,338,3,53646,4641181,12.28,IMPROVED
BUXEY,29,14,25,337,4,70696,4642731,14.80,IMPROVED
BUXEY,29,14,25,332,5,87996,4643406,17.02,IMPROVED
BUXEY,29,14,25,330,6,104121,4641731,21.69,IMPROVED
BUXEY,29,14,25,329,7,120796,4642556,25.46,IMPROVED
BUXEY,29,14,25,326,8,137721,4643231,28.15,IMPROVED
BUXEY,29,14,25,325,9,154721,4642731,30.71,IMPROVED
BUXEY,29,14,25,323,10,171971,4643406,35.43,IMPROVED
BUXEY,29,14,25,322,11,188946,4643306,45.78,IMPROVED
BUXEY,29,14,25,321,12,206146,4643281,50.36,IMPROVED
BUXEY,29,14,25,320,13,223596,4643956,55.75,IMPROVED
BUXEY,29,14,25,318,14,239171,4640156,65.68,IMPROVED
BUXEY,29,14,25,316,15,255321,4641156,74.36,IMPROVED
BUXEY,29,14,25,315,16,271121,4640881,136.07,IMPROVED
SAWYER,30,14,25,313,0,2401,4875938,7.71,FEASIBLE
SAWYER,30,14,25,299,1,21426,4916663,10.29,IMPROVED
SAWYER,30,14,25,295,2,40351,4916488,12.94,IMPROVED
SAWYER,30,14,25,293,3,59351,4916363,15.64,IMPROVED
SAWYER,30,14,25,292,4,78626,4917063,17.74,IMPROVED
SAWYER,30,14,25,291,5,97226,4916313,19.91,IMPROVED
SAWYER,30,14,25,289,6,116501,4917113,24.87,IMPROVED
SAWYER,30,14,25,288,7,136051,4917813,27.05,IMPROVED
SAWYER,30,14,25,287,8,153701,4913788,30.15,IMPROVED
SAWYER,30,14,25,286,9,172051,4914713,32.81,IMPROVED
SAWYER,30,14,25,285,10,190026,4914738,37.69,IMPROVED
SAWYER,30,14,25,283,11,208651,4915413,41.10,IMPROVED
SAWYER,30,14,25,282,12,227276,4915463,46.03,IMPROVED
SAWYER,30,14,25,282,13,245526,4915488,53.43,OPTIMAL
SAWYER,30,7,47,192,0,3301,7978250,23.43,FEASIBLE
SAWYER,30,7,47,181,1,33616,8045084,50.22,IMPROVED
SAWYER,30,7,47,178,2,65952,8048844,73.21,IMPROVED
SAWYER,30,7,47,170,3,97583,8048985,103.14,IMPROVED
SAWYER,30,7,47,167,4,129026,8048750,131.44,IMPROVED
SAWYER,30,7,47,160,5,160986,8048186,157.99,IMPROVED
SAWYER,30,7,47,158,6,189844,8042734,187.62,IMPROVED
SAWYER,30,7,47,157,7,219172,8044285,211.78,IMPROVED
SAWYER,30,7,47,155,8,249722,8045554,243.00,IMPROVED
SAWYER,30,7,47,154,9,280272,8045648,268.46,IMPROVED
SAWYER,30,7,47,151,10,310117,8045695,328.56,IMPROVED
SAWYER,30,7,47,150,11,340479,8045084,622.99,IMPROVED
SAWYER,30,7,47,149,12,370136,8045131,2341.83,IMPROVED
